Year,Class 1,Class 11,Class 2,Class 5,Class 7
2017,2.47938295974339,39.76739992787594,37.01672139237383,14.855538368098392,4.6966044754873115
2018,2.476061457285478,45.943259248011834,32.103507506595555,12.735352174160608,5.793649287300473
2019,2.352572740903828,50.70617514756961,25.278768956289024,14.306185586577332,6.272064266327557
2020,2.5109372330935527,47.46094862110197,29.62032854404312,13.017798508170895,6.385825725511037
2021,2.494922846242906,47.07945033879325,32.012759314441894,11.501888511397498,5.908478372273994
2022,2.475705582022131,42.64773568432441,34.960474120750845,12.017907643251657,6.9694611574012555
2023,2.4860259646592135,43.935648262379715,32.65784254180348,12.648993110254901,7.445385009584906
2024,2.449726687797749,47.134373754436574,29.582368515952698,12.007112760263443,8.100907244671362
