Metric,Value
Accuracy,0.8795180722891566
Precision,0.8780487804878049
Recall,0.8780487804878049
F1-Score,0.8780487804878049
AUC-ROC,0.9535423925667827
MCC,0.7590011614401858
